Datetime,Max_Demand_MW,Peak_Shortage_MW,Energy_Met_MU
2013-04-01,118906.5,8118.0,2526.1
2013-04-02,121355.0,9479.0,2574.6
2013-04-03,118285.0,9650.0,2558.4
2013-04-04,119086.0,10810.0,2551.0
2013-04-05,121451.0,9951.0,2586.3
2013-04-06,121823.0,10637.0,2564.8
2013-04-07,122626.0,10466.0,2588.5
2013-04-08,119014.0,8453.0,2552.5
2013-04-09,123225.0,10844.0,2623.7
2013-04-10,222652.0,12251.0,2646.6
2013-04-11,122080.0,11474.0,2620.3
2013-04-12,121662.0,9575.0,2628.2
2013-04-13,125014.0,11915.0,2642.4
2013-04-14,122121.0,10350.0,2626.2
2013-04-15,120605.0,6891.0,2541.9
2013-04-16,125177.0,8881.0,2631.1
2013-04-17,125086.0,7853.0,2670.2999999999997
2013-04-18,124637.0,9704.0,2664.3
2013-04-19,122224.0,8727.0,2636.7
2013-04-20,119599.0,9304.0,2576.7000000000003
2013-04-21,120376.0,7742.0,2518.8
2013-04-22,115670.0,6319.0,2454.2
2013-04-23,120280.0,8494.0,2537.1
2013-04-24,121753.0,7226.0,2605.7
2013-04-25,122427.5,9532.0,2642.7
2013-04-26,123983.0,7967.0,2652.4
2013-04-27,123635.0,10842.0,2621.3
2013-04-28,249224.0,15028.0,5354.8
2013-04-29,122225.0,5487.0,2634.8
2013-04-30,127100.0,7693.0,2713.2
2013-05-01,127221.0,9956.0,2754.6
2013-05-02,122622.0,7575.0,2662.6
2013-05-03,126290.0,8863.0,2696.2
2013-05-04,126672.0,7187.0,2735.8
2013-05-05,125691.0,7595.0,2727.4
2013-05-06,121971.0,7424.0,2665.5
2013-05-07,126936.0,9656.0,2739.3
2013-05-08,128536.0,8910.0,2742.6
2013-05-09,129735.0,10181.0,2812.9
2013-05-10,130023.0,8280.0,2814.2999999999997
2013-05-11,129152.0,6843.0,2811.3
2013-05-13,243936.0,4782.0,5279.2
2013-05-14,127831.0,6699.0,2704.1
2013-05-15,128678.0,6317.0,2777.2000000000003
2013-05-16,129096.0,7135.0,2783.7
2013-05-17,130139.0,6609.0,2797.1
2013-05-18,128990.0,8167.0,2786.0
2013-05-19,128595.0,7020.0,2765.2
2013-05-20,225588.0,5686.0,2717.7
2013-05-21,130726.0,7856.0,2779.3
2013-05-22,131769.0,6265.0,2821.2
2013-05-23,132149.0,7318.0,2858.8
2013-05-24,132499.0,7137.0,2857.3
2013-05-25,132598.0,6520.0,2879.4
2013-05-26,131386.0,6375.0,2861.7999999999997
2013-05-27,127979.0,4951.0,2785.0
2013-05-28,130783.0,4331.0,2811.4
2013-05-29,130790.0,5222.0,2830.7
2013-05-30,129348.0,5974.0,2797.8
2013-06-01,126435.0,5873.0,2714.1
2013-06-02,125564.0,7422.0,2671.3
2013-06-03,121144.0,4956.0,2599.0
2013-06-05,127634.0,6364.0,2716.1
2013-06-06,126732.0,7141.0,2736.7000000000003
2013-06-07,126283.0,5848.0,2695.8
2013-06-08,122447.0,6364.0,2640.2
2013-06-09,123705.0,5544.0,2663.6
2013-06-10,120097.0,4736.0,2597.4
2013-06-11,123842.0,6212.0,2645.7000000000003
2013-06-12,123324.0,4312.0,2624.8
2013-06-13,122662.0,5163.0,2572.9
2013-06-14,122032.0,4975.0,2498.8
2013-06-15,120918.0,4153.0,2559.1
2013-06-16,117270.0,5761.0,2445.4
2013-06-17,110125.0,3034.0,2323.0
2013-06-18,113783.0,5737.0,2383.8
2013-06-19,117491.0,5289.0,2506.4
2013-06-20,121600.0,4949.0,2579.1
2013-06-21,124179.0,4991.0,2654.8
2013-06-22,125895.0,4468.0,2719.9
2013-06-23,125709.0,5207.0,2723.3
2013-06-24,122847.0,4603.0,2672.0
2013-06-25,127527.0,5095.0,2718.0
2013-06-26,124347.0,6261.0,2688.2
2013-06-27,250560.0,11678.0,5423.2
2013-06-28,125120.0,4528.0,2679.7
2013-06-30,123585.0,3621.0,2636.2
2013-07-01,118416.0,4575.0,2504.2
2013-07-02,125782.0,6470.0,2690.3
2013-07-03,126397.0,7201.0,2733.0
2013-07-04,126076.0,5877.0,2736.4
2013-07-05,250196.0,11816.0,5401.0
2013-07-06,126457.0,8429.0,2717.0
2013-07-07,125930.0,5546.0,2719.0
2013-07-08,121467.0,4382.0,2628.0
2013-07-09,125033.0,5443.0,2654.6
2013-07-10,124689.0,5093.0,2663.9
2013-07-11,123327.0,5874.0,2632.7
2013-07-12,123904.0,4935.0,2664.9
2013-07-13,123962.0,5057.0,2653.1
2013-07-14,123960.0,5241.0,2655.0
2013-07-15,120453.0,5103.0,2592.9
2013-07-16,125332.0,4639.0,2685.8
2013-07-17,125750.0,5308.0,2702.9
2013-07-18,126769.0,6488.0,2723.6
2013-07-19,126640.0,4578.0,2722.6
2013-07-20,124705.0,4818.0,2688.3
2013-07-21,121159.0,4287.0,2592.1
2013-07-22,118954.0,3541.0,2537.4
2013-07-23,245738.0,6226.0,5295.4
2013-07-24,124225.0,6872.0,2616.8
2013-07-25,125119.0,4977.0,2643.1
2013-07-26,124053.0,5952.0,2632.8
2013-07-27,123473.0,5384.0,2637.1
2013-07-29,239040.0,11244.0,5159.2
2013-07-30,122696.0,5683.0,2655.4
2013-07-31,124964.0,6858.0,2659.8
2013-08-01,124221.0,5321.0,2641.0
2013-08-02,122496.0,5707.0,2602.8
2013-08-03,124414.0,4931.0,2648.2000000000003
2013-08-04,124752.0,5566.0,2687.1
2013-08-05,122117.0,4640.0,2634.8
2013-08-06,124699.0,5457.0,2683.5
2013-08-07,124100.0,3751.0,2640.8
2013-08-08,124932.0,3872.0,2652.1
2013-08-09,123095.0,4615.0,2681.3
2013-08-10,122580.0,2734.0,2635.4
2013-08-11,121530.0,4899.0,2605.8
2013-08-12,119419.0,4782.0,2567.7
2013-08-13,123546.0,7093.0,2640.8
2013-08-14,123714.0,5127.0,2658.0
2013-08-16,113888.0,3558.0,2416.6
2013-08-17,118369.0,4032.0,2478.2999999999997
2013-08-18,117638.0,3262.0,2483.4
2013-08-19,114987.0,3035.0,2441.2
2013-08-20,119621.0,3663.0,2533.0
2013-08-21,117334.0,4082.0,2486.9
2013-08-22,120599.0,4279.0,2521.4
2013-08-23,122657.0,5644.0,2594.1
2013-08-24,123776.0,5778.0,2668.5
2013-08-25,126512.0,4822.0,2697.6
2013-08-26,123507.0,3465.0,2662.2
2013-08-27,131183.0,4953.0,2762.3
2013-08-28,130680.0,4162.0,2793.0
2013-08-31,128416.0,6912.0,2786.3
2013-09-01,130564.0,5985.0,2787.5
2013-09-02,126663.0,5652.0,2715.2999999999997
2013-09-03,131355.0,6464.0,2807.1
2013-09-04,132315.0,6778.0,2839.7
2013-09-05,133320.0,7630.0,2855.1
2013-09-06,135085.0,6724.0,2892.3
2013-09-07,134583.0,7708.0,2887.5
2013-09-08,132984.0,5902.0,2850.3
2013-09-09,127981.0,4101.0,2776.8
2013-09-10,128982.0,3671.0,2756.0
2013-09-11,134518.0,5242.0,2831.7
2013-09-12,134324.0,4539.0,2843.8
2013-09-13,133807.0,5088.0,2863.5
2013-09-14,133485.0,4390.0,2843.2
2013-09-16,128447.0,3369.0,2723.8
2013-09-17,128104.0,3226.0,2703.8
2013-09-18,128434.0,3113.0,2741.9
2013-09-19,128004.0,2849.0,2756.9
2013-09-20,132117.0,3711.0,2795.4
2013-09-22,127748.0,3681.0,2680.6
2013-09-23,121027.0,3795.0,2585.6
2013-09-25,127439.0,3345.0,2715.1
2013-09-26,126828.0,3766.0,2674.8
2013-09-27,127627.0,3641.0,2702.9
2013-09-28,126266.0,3650.0,2717.7999999999997
2013-09-29,126000.0,4028.0,2706.5
2013-09-30,122104.0,3866.0,2587.0
2013-10-01,126528.0,3946.0,2661.4
2013-10-02,127248.0,4987.0,2673.6
2013-10-03,122266.0,4163.0,2590.3
2013-10-04,126661.0,4381.0,2626.8
2013-10-05,122687.0,5501.0,2594.1
2013-10-06,122774.0,5936.0,2594.1
2013-10-07,120572.0,5095.0,2551.8
2013-10-08,124990.0,8470.0,2625.4
2013-10-09,124837.0,6905.0,2639.4
2013-10-10,125518.0,6585.0,2623.2999999999997
2013-10-11,126694.0,4633.0,2663.5
2013-10-12,124161.0,4027.0,2578.6
2013-10-13,120506.0,3709.0,2507.7
2013-10-14,107109.0,3828.0,2250.3
2013-10-15,104283.35,5496.0,2344.9
2013-10-17,121419.0,6909.0,2554.7
2013-10-18,122967.0,5017.0,2575.5
2013-10-19,123917.0,5294.0,2615.6
2013-10-20,123228.0,5837.0,2600.2
2013-10-21,118247.0,4140.0,2527.7
2013-10-22,123594.0,4981.0,2571.9
2013-10-23,121652.0,4098.0,2564.5
2013-10-24,121298.0,4542.0,2529.4
2013-10-25,121875.0,4680.0,2505.0
2013-10-26,121156.0,4224.0,2531.0
2013-10-27,121182.0,3870.0,2506.1
2013-10-28,117074.0,2915.0,2448.2
2013-10-29,123290.0,4707.0,2533.7
2013-10-30,123940.0,5825.0,2565.7
2013-10-31,123866.0,5514.0,2583.8
2013-11-01,124948.0,4520.0,2606.1
2013-11-02,124611.0,2868.0,2593.7
2013-11-03,123266.0,1572.0,2551.2
2013-11-04,116417.0,1647.0,2388.0
2013-11-05,116291.0,2114.0,2358.9
2013-11-06,118304.0,2940.0,2419.9
2013-11-07,121689.0,3831.0,2496.2000000000003
2013-11-08,121741.0,5483.0,2518.0
2013-11-09,123185.0,4724.0,2527.8
2013-11-10,122958.0,5538.0,2530.5
2013-11-11,119458.0,4584.0,2490.2
2013-11-12,123141.0,5687.0,2545.7
2013-11-13,124994.0,4946.0,2592.0
2013-11-14,125648.0,5781.0,2595.4
2013-11-15,123136.0,7002.0,2578.2
2013-11-16,124120.0,6043.0,2567.4
2013-11-17,122729.0,4175.0,2569.3
2013-11-18,118848.0,3407.0,2461.8
2013-11-19,123957.0,4644.0,2543.7000000000003
2013-11-20,125174.0,5461.0,2594.2
2013-11-21,125384.0,6478.0,2613.2
2013-11-22,124809.0,7447.0,2613.6
2013-11-23,126356.0,7758.0,2604.1
2013-11-24,126797.0,7105.0,2612.6
2013-11-25,121052.0,5398.0,2533.2000000000003
2013-11-26,125653.0,7135.0,2574.5
2013-11-27,126890.0,6929.0,2611.1
2013-11-28,127345.0,6193.0,2638.2999999999997
2013-11-29,127117.0,6680.0,2626.2000000000003
2013-11-30,127600.0,7070.0,2597.7
2013-12-01,128350.0,7021.0,2621.4
2013-12-02,124759.0,4949.0,2569.1
2013-12-03,127453.0,6200.0,2598.3
2013-12-04,127617.0,5375.0,2616.1
2013-12-05,129039.0,6115.0,2643.7
2013-12-06,128948.0,5530.0,2623.7
2013-12-07,130018.0,5588.0,2663.3
2013-12-08,128791.0,5986.0,2648.7
2013-12-09,127374.0,3854.0,2594.0
2013-12-10,127236.0,6703.0,2636.5
2013-12-11,130048.0,4218.0,2681.5
2013-12-12,129666.0,5922.0,2687.5
2013-12-13,128786.0,3895.0,2680.9
2013-12-14,129796.0,3838.0,2677.4
2013-12-15,129751.0,5493.0,2665.7000000000003
2013-12-16,125990.0,3083.0,2593.7
2013-12-17,129832.0,5588.0,2648.5
2013-12-18,131512.0,5612.0,2686.4
2013-12-19,126355.0,6769.0,2680.9
2013-12-20,130496.0,6604.0,2663.3
2013-12-21,130426.0,5901.0,2673.9
2013-12-22,129809.0,3983.0,2631.3
2013-12-23,126068.0,2937.0,2593.7
2013-12-24,130856.0,3773.0,2660.5
2013-12-25,131534.0,6415.0,2686.8
2013-12-26,258324.0,12394.0,5402.2
2013-12-27,130636.0,4901.0,2698.7
2013-12-28,131446.0,5221.0,2721.5
2013-12-29,131745.0,3861.0,2722.6
2013-12-30,130008.0,2315.0,2682.7000000000003
2013-12-31,133691.0,4463.0,2701.4
2014-01-01,131140.0,4226.0,2651.6
2014-01-02,131131.0,3123.0,2629.8
2014-01-03,132993.0,4724.3,2698.8
2014-01-04,134549.0,4143.0,2759.2
2014-01-05,135015.0,4087.0,2767.2999999999997
2014-01-06,128928.0,3539.9,2664.1
2014-01-07,131506.0,5363.7,2737.4
2014-01-08,134379.2,4954.7,2761.2
2014-01-09,136133.0,4008.7,2809.7000000000003
2014-01-10,135446.0,5099.4,2796.7999999999997
2014-01-11,137557.2,5388.4,2806.6
2014-01-12,135265.2,4322.0,2773.5
2014-01-13,132506.0,3736.4,2723.3
2014-01-14,134498.0,4115.4,2779.7
2014-01-15,132171.0,3198.8,2706.0
2014-01-16,136920.0,3373.0,2679.0
2014-01-17,132778.0,4395.0,2722.9
2014-01-18,133358.0,2931.0,2742.1000000000004
2014-01-19,130248.0,5230.0,2648.2000000000003
2014-01-20,130435.0,4155.0,2652.5
2014-01-21,133941.0,5525.0,2713.3
2014-01-22,129778.0,4869.0,2668.8
2014-01-23,128563.0,5202.0,2634.1
2014-01-24,128196.0,4805.0,2613.2
2014-01-25,258840.0,8332.0,5326.0
2014-01-26,129727.0,5377.0,2652.1
2014-01-27,124825.0,2862.0,2542.7
2014-01-28,258692.0,9770.0,5244.0
2014-01-29,132062.0,3732.0,2707.2000000000003
2014-01-30,132907.0,4236.0,2717.0
2014-01-31,133164.0,4879.0,2717.5
2014-02-01,132928.0,3519.0,2724.7000000000003
2014-02-02,131475.0,4921.0,2729.4
2014-02-03,128916.0,3741.0,2655.0
2014-02-04,132112.0,6883.0,2716.8
2014-02-05,132535.0,4617.0,2766.8
2014-02-06,133797.0,5778.0,2795.8
2014-02-07,133357.0,4946.0,2771.2
2014-02-08,132365.0,4145.0,2749.4
2014-02-09,132821.0,5107.0,2761.2000000000003
2014-02-10,129297.0,3604.0,2687.1
2014-02-11,133381.0,4867.0,2757.8
2014-02-12,135157.0,6254.0,2794.2
2014-02-13,136157.0,4836.0,2815.5
2014-02-14,136729.0,3478.0,2820.0
2014-02-15,133685.0,4003.0,2743.2999999999997
2014-02-16,132335.0,3567.0,2701.2
2014-02-17,128253.0,3058.0,2628.1
2014-02-18,132614.0,4496.0,2694.7000000000003
2014-02-19,133144.0,4946.0,2744.8
2014-02-20,134515.0,7801.0,2763.1
2014-02-21,134588.0,5681.0,2779.9
2014-02-22,134626.0,5070.0,2779.1
2014-02-23,132159.0,4212.0,2741.6
2014-02-24,128314.0,3057.0,2662.6
2014-02-25,133194.0,3564.0,2717.2000000000003
2014-02-26,130867.0,4789.0,2710.2
2014-02-27,129908.0,4734.0,2689.5
2014-02-28,123029.0,4570.0,2637.7999999999997
2014-03-01,123779.0,6497.0,2543.6
2014-03-02,124307.0,4995.0,2542.2
2014-03-03,121019.0,3660.0,2510.8
2014-03-04,125693.0,4221.0,2578.2
2014-03-05,125309.0,4350.0,2576.9
2014-03-06,127438.0,3343.0,2624.0
2014-03-07,127570.0,4455.0,2637.8
2014-03-08,128460.0,3851.0,2657.1
2014-03-09,126656.0,3557.0,2640.0
2014-03-10,123268.0,3418.0,2576.9
2014-03-11,253976.0,8664.0,5210.2
2014-03-12,125877.0,3495.0,2612.4
2014-03-13,127555.0,4660.0,2645.2
2014-03-14,130107.0,4077.0,2709.8
2014-03-15,130125.0,4802.0,2751.1
2014-03-16,131346.0,5462.0,2782.7
2014-03-17,128261.0,3460.0,2709.5
2014-03-18,244846.0,5588.0,5168.4
2014-03-19,127580.0,5005.0,2653.5
2014-03-20,131180.0,6036.0,2789.5
2014-03-21,132100.0,7554.0,2818.7
2014-03-22,132726.0,6127.0,2808.1
2014-03-23,133278.0,4614.0,2852.3
2014-03-24,130935.0,4581.0,2799.7
2014-03-25,129352.0,5581.0,2756.2
2014-03-26,132415.0,5283.0,2821.2
2014-03-27,134444.0,4442.0,2901.2
2014-03-28,135130.0,5270.0,2889.9
2014-03-29,134331.0,5240.0,2864.5
2014-03-30,136559.0,6730.0,2860.1
2014-03-31,130921.0,4356.0,2801.5
2014-04-01,133972.0,5426.0,2859.5
2014-04-02,134001.0,4342.0,2873.4
2014-04-03,134603.0,5726.0,2876.9
2014-04-04,135833.0,5821.0,2904.6
2014-04-05,135779.0,6981.0,2910.6
2014-04-06,268958.0,14866.0,5771.2
2014-04-07,132173.0,5556.0,2826.1
2014-04-08,128888.0,6153.0,2880.2
2014-04-09,270254.0,12004.0,5804.4
2014-04-10,135360.0,4764.0,2894.4
2014-04-11,133917.0,6129.0,2872.5
2014-04-12,268710.0,11706.0,5799.8
2014-04-13,133703.0,6602.0,2883.7
2014-04-14,128189.0,6047.0,2768.3
2014-04-15,131686.0,5489.0,2831.9
2014-04-16,134888.0,5479.0,2902.7
2014-04-17,135208.0,6524.0,2898.3
2014-04-18,134606.0,5255.0,2883.4
2014-04-19,130821.0,4902.0,2755.2000000000003
2014-04-20,132747.0,4526.0,2791.0
2014-04-21,126933.0,5031.0,2702.7
2014-04-22,265960.0,12014.0,5632.599999999999
2014-04-23,133550.0,5939.0,2892.4
2014-04-24,135002.0,7540.0,2921.8
2014-04-25,134125.0,6305.0,2914.4
2014-04-26,136678.0,7485.0,2974.8
2014-04-27,137897.0,5793.0,2988.6
2014-04-28,133379.0,4335.0,2918.4
2014-04-29,138124.0,5893.0,2984.6
2014-04-30,139294.0,5912.0,3023.8
2014-05-01,138324.0,6863.0,2992.9
2014-05-02,134652.0,3181.0,2933.7999999999997
2014-05-03,135355.0,4692.0,2904.2000000000003
2014-05-04,135474.0,4658.0,2886.3
2014-05-05,131300.0,3977.0,2821.0
2014-05-06,134523.0,5033.0,2858.8
2014-05-07,136726.0,4174.0,2939.3
2014-05-08,135615.0,4659.0,2906.9
2014-05-09,132793.0,2503.0,2830.6
2014-05-10,132032.0,4605.0,2825.1
2014-05-11,133580.82,4535.0,2831.4
2014-05-12,128769.0,3563.0,2773.9
2014-05-13,132416.0,6194.0,2865.7000000000003
2014-05-14,132104.0,5789.0,2817.7999999999997
2014-05-15,131780.78399999999,5163.0,2763.2
2014-05-16,133702.0,5918.0,2868.9
2014-05-17,136249.0,6947.0,2945.7
2014-05-18,134279.0,7463.0,2913.4
2014-05-19,129473.0,4714.0,2829.9
2014-05-20,135699.0,6770.0,2895.8
2014-05-21,136244.0,7234.0,2933.4
2014-05-22,137720.0,5615.0,2976.5
2014-05-23,139163.0,6124.0,3005.4
2014-05-24,138789.0,5617.0,2985.5
2014-05-25,134671.0,5485.0,2948.2
2014-05-26,131188.0,5130.0,2795.6
2014-05-27,134794.0,8648.0,2825.4
2014-05-28,136083.0,5047.0,2897.5
2014-05-29,135293.0,6315.0,2919.5
2014-05-30,137572.0,6533.0,2969.1
2014-05-31,138880.0,3552.0,2958.1
2014-06-01,136382.0,4557.0,2938.4
2014-06-02,265696.0,7964.0,5669.6
2014-06-03,134065.0,4638.0,2917.2
2014-06-04,136356.0,10436.0,2811.5
2014-06-05,139680.0,6936.0,3010.4
2014-06-06,141350.0,6086.0,3040.1
2014-06-07,142729.0,4510.0,3068.4
2014-06-08,140350.0,4727.0,3095.3
2014-06-09,138251.0,3946.0,3028.7
2014-06-10,142586.0,5825.0,3054.6
2014-06-11,144921.0,7397.0,3076.8
2014-06-12,143049.0,5887.0,3101.6
2014-06-13,143010.0,5683.0,3022.5
2014-06-14,139527.0,5306.0,2970.6
2014-06-15,139893.0,4818.0,2989.5
2014-06-16,135369.0,3506.0,2941.0
2014-06-17,284098.0,11058.0,6154.8
2014-06-18,141821.0,5787.0,3112.8
2014-06-19,141292.0,5375.0,3087.5
2014-06-20,142181.0,3583.0,3085.2
2014-06-21,142043.0,4247.0,3089.6
2014-06-22,142290.0,3954.0,3058.6
2014-06-23,138061.0,4021.0,2965.2
2014-06-24,142530.0,4624.0,3057.7
2014-06-25,144507.0,6262.0,3101.3
2014-06-26,143764.0,5688.0,3119.7
2014-06-27,143935.0,6973.0,3108.6
2014-06-28,143915.0,5990.0,3104.4
2014-06-29,144583.0,5209.0,3118.2
2014-06-30,140759.0,4673.0,3060.0
2014-07-01,290350.0,7816.0,6230.0
2014-07-02,144043.0,5374.0,3102.1
2014-07-03,141448.0,4828.0,3130.5
2014-07-04,143436.0,5882.0,3080.3
2014-07-05,144135.0,6473.0,3087.5
2014-07-06,143261.0,6639.0,3078.1
2014-07-07,138487.0,3767.0,3012.3
2014-07-08,142455.0,6052.0,3066.6
2014-07-09,143093.0,5811.0,3117.5
2014-07-10,142849.0,6475.0,3106.1
2014-07-11,282904.0,14298.0,6169.8
2014-07-12,142379.0,3861.0,3063.6
2014-07-13,140603.0,7631.0,3032.4
2014-07-14,138225.0,3650.0,2967.7
2014-07-15,140926.0,6088.0,3024.8
2014-07-16,139399.0,9228.0,3019.4
2014-07-17,138462.0,7470.0,2940.9
2014-07-18,139219.0,6910.0,2953.9
2014-07-19,268092.0,11096.0,5738.2
2014-07-20,133430.0,-1665.0,2860.8
2014-07-21,131105.0,4480.0,2821.7
2014-07-22,134364.0,6122.0,2909.9
2014-07-23,136461.0,5919.0,2906.7999999999997
2014-07-24,133792.0,-3171.0,2885.6
2014-07-25,134933.0,6057.0,2895.6
2014-07-26,136465.0,5611.0,2919.7
2014-07-27,135261.0,5461.0,2941.4
2014-07-28,132425.0,5179.0,2877.5
2014-07-29,134286.0,-830.0,2892.4
2014-07-30,133347.0,3316.0,2870.5
2014-07-31,270996.0,11474.0,5789.6
2014-08-01,135856.0,6027.0,2937.7
2014-08-02,134462.0,7032.0,2909.3
2014-08-03,135848.0,6068.0,2920.9
2014-08-04,131820.0,6166.0,2834.1
2014-08-05,135524.0,3615.0,2881.1
2014-08-06,133695.0,4952.0,2833.3
2014-08-07,133823.0,4517.0,2879.6
2014-08-08,135212.0,5291.0,2909.8
2014-08-09,135570.0,5156.0,2917.2
2014-08-10,269846.0,9910.0,5792.2
2014-08-11,128930.0,5381.0,2765.5
2014-08-12,136284.0,5634.0,2837.7
2014-08-13,137366.0,3841.0,2910.6
2014-08-14,138825.0,6218.0,2972.3
2014-08-16,131165.0,4487.0,2820.4
2014-08-17,267652.0,14762.0,5722.8
2014-08-19,136509.0,8604.0,2936.9
2014-08-20,139703.0,9352.0,3004.7
2014-08-21,140640.0,6608.0,3021.0
2014-08-22,145110.0,8881.0,3086.1
2014-08-23,144344.0,7420.0,3103.5
2014-08-24,141179.0,8470.0,3075.4
2014-08-25,138242.0,6036.0,2992.7
2014-08-26,141928.0,9450.0,3051.3
2014-08-27,142213.0,9180.0,3076.8
2014-08-28,136147.0,11038.0,3019.9
2014-08-29,136268.0,10703.0,2964.4
2014-08-30,134734.0,7627.0,2913.3
2014-08-31,134884.0,6740.0,2936.0
2014-09-01,129087.0,5708.0,2796.6
2014-09-02,130865.0,4263.0,2784.2
2014-09-03,131796.0,5505.0,2777.4
2014-09-04,130912.0,4821.0,2795.4
2014-09-05,128373.0,3812.0,2723.7
2014-09-06,127525.0,6094.0,2670.2000000000003
2014-09-07,250968.0,10960.0,5265.4
2014-09-08,120528.0,5093.0,2583.8
2014-09-09,126015.0,5433.0,2648.4
2014-09-10,127969.0,6386.0,2747.1
2014-09-11,130209.0,5848.0,2795.7999999999997
2014-09-12,132725.0,4284.0,2832.2
2014-09-13,132161.0,6008.0,2829.9
2014-09-14,131436.0,5908.0,2824.1
2014-09-15,126778.0,5192.0,2747.3
2014-09-16,132841.0,7359.0,2828.6
2014-09-17,133824.0,9004.0,2882.1
2014-09-18,270654.0,12532.0,5819.8
2014-09-19,138056.0,8529.0,2964.8
2014-09-20,138176.0,8316.0,3038.4
2014-09-21,138112.0,7128.0,3002.0
2014-09-22,135866.0,5688.0,2933.5
2014-09-23,139426.0,9306.0,3009.5
2014-09-24,140242.0,9465.0,3032.8
2014-09-25,284006.0,18192.0,6122.0
2014-09-26,143538.0,6324.0,3062.0
2014-09-27,142372.0,7621.0,3068.8
2014-09-28,141724.0,9722.0,3056.2999999999997
2014-09-29,139693.0,9559.0,3028.7
2014-09-30,134958.0,12204.0,3059.1
2014-10-01,141623.0,11497.0,3077.5
2014-10-02,138789.0,12201.0,3059.3
2014-10-03,138163.0,5777.0,3013.4
2014-10-04,136296.0,5319.0,2992.6
2014-10-05,142554.0,7108.0,3044.1
2014-10-06,141076.0,6560.0,3059.7000000000003
2014-10-07,143570.0,8318.0,3096.2
2014-10-08,140985.0,9402.0,3062.5
2014-10-09,142097.0,7681.0,2992.1
2014-10-10,140435.0,6808.0,3004.4
2014-10-11,138285.0,9590.0,3013.8
2014-10-12,139414.0,8760.0,3027.0
2014-10-13,132665.0,7964.0,2839.2
2014-10-14,136051.0,10810.0,2864.0
2014-10-15,133914.0,6634.0,2828.4
2014-10-16,131843.0,8033.0,2831.1
2014-10-17,133876.0,8709.0,2868.0
2014-10-18,134084.0,8410.0,2873.6
2014-10-19,132143.0,9215.0,2824.0
2014-10-20,128980.0,8330.0,2759.7
2014-10-21,133413.0,8039.0,2838.5
2014-10-22,136697.0,5127.0,2876.6
2014-10-23,135870.0,4966.0,2832.4
2014-10-24,129409.0,3220.0,2681.4
2014-10-25,126580.0,2991.0,2627.7
2014-10-26,126470.0,4256.0,2611.6
2014-10-27,121974.0,3885.0,2550.2
2014-10-28,127823.0,5575.0,2659.8
2014-10-29,129753.0,6463.0,2708.6
2014-10-30,131386.0,5242.0,2728.7
2014-10-31,135642.0,4889.0,2756.4
2014-11-01,134869.0,7491.0,2802.9
2014-11-02,132345.0,5196.0,2770.3
2014-11-03,128577.0,4004.0,2702.2
2014-11-04,133513.0,5201.0,2778.8
2014-11-05,133445.0,6324.0,2802.2
2014-11-06,135361.0,4819.0,2822.5
2014-11-07,135098.0,6039.0,2844.4
2014-11-08,135198.0,8059.0,2850.8
2014-11-09,135109.0,6393.0,2851.8
2014-11-10,132529.0,4885.0,2788.7
2014-11-11,134010.0,8351.0,2835.3
2014-11-12,135746.0,7581.0,2870.6
2014-11-13,135389.0,5544.0,2840.4
2014-11-14,134253.0,5847.0,2820.9
2014-11-15,133836.0,6585.0,2773.1
2014-11-16,131057.0,5259.0,2743.7
2014-11-17,126982.0,4704.0,2662.2000000000003
2014-11-18,131039.0,5935.0,2739.8
2014-11-19,133584.0,5986.0,2767.5
2014-11-20,133531.0,4380.0,2765.3
2014-11-21,133886.0,3112.0,2800.2
2014-11-22,134503.0,3548.0,2797.6
2014-11-23,133963.0,6875.0,2797.1
2014-11-24,129009.9,5154.0,2695.3
2014-11-25,135439.0,4178.0,2788.4
2014-11-26,135657.0,7563.0,4857.7
2014-11-27,274504.0,13992.0,5666.6
2014-11-28,136572.0,4595.0,2832.0
2014-11-29,135412.0,5678.0,2813.9
2014-11-30,135177.0,6190.0,2813.4
2014-12-01,132086.0,3854.0,2741.7
2014-12-02,135306.0,5235.0,2780.6
2014-12-03,135829.0,4824.0,2809.2
2014-12-04,136252.0,5772.0,2822.2000000000003
2014-12-05,139778.0,6158.0,2854.3
2014-12-06,135826.0,4748.0,2816.1
2014-12-07,136046.0,3585.0,2830.1
2014-12-08,132203.0,4397.0,2766.4
2014-12-09,137458.0,6256.0,2840.9
2014-12-10,138972.0,5588.0,2898.2
2014-12-11,287988.0,10208.0,5740.099999999999
2014-12-12,139594.0,4490.0,2864.5
2014-12-13,276475.0,9784.0,5643.2
2014-12-14,131149.0,4139.0,2705.4
2014-12-15,122148.0,3736.0,2530.0
2014-12-16,129381.0,3603.0,2638.8
2014-12-17,131642.0,4090.0,2695.4
2014-12-18,132898.0,4658.0,2700.8
2014-12-19,132328.0,6114.0,2725.0
2014-12-20,134413.0,5352.0,2747.4
2014-12-21,134384.0,5345.0,2759.5
2014-12-22,131442.0,5359.0,2699.4
2014-12-23,138130.0,5898.0,2770.6
2014-12-24,136274.0,8294.0,2804.6
2014-12-25,136630.0,7081.0,2820.4
2014-12-26,137085.0,7616.0,2824.5
2014-12-27,137741.0,8619.0,2829.3
2014-12-28,139334.0,6040.0,2857.6
2014-12-29,133728.0,4735.0,2746.7
2014-12-30,137881.0,6384.0,2810.2
2014-12-31,139502.0,6165.0,2833.3
2015-01-01,136381.0,7414.0,2815.9
2015-01-02,127973.0,5849.0,2662.3
2015-01-03,132022.0,4895.0,2648.4
2015-01-04,130765.0,5454.0,2668.8
2015-01-05,127667.0,4199.0,2638.4
2015-01-06,131618.0,6074.0,2699.0
2015-01-07,133470.0,7455.0,2761.4
2015-01-08,134260.0,5537.0,2779.8
2015-01-09,135328.0,7266.0,2797.5
2015-01-10,137183.0,6511.0,2825.5
2015-01-11,137783.0,5283.0,2828.7999999999997
2015-01-12,134647.0,5156.0,2760.3
2015-01-13,138168.0,4972.0,2812.2
2015-01-14,138208.0,5453.0,2834.4
2015-01-15,135789.0,6698.0,2749.1
2015-01-16,135494.0,5876.0,2720.3
2015-01-17,134815.0,6541.0,2745.1
2015-01-18,135069.0,5884.0,2778.6
2015-01-19,134652.0,5280.0,2741.3
2015-01-20,138828.0,5437.0,2218.7
2015-01-21,139052.0,6040.0,2859.0
2015-01-22,138399.0,6957.0,2859.2
2015-01-23,135937.0,5509.0,2765.4
2015-01-24,137589.0,6271.0,2787.8
2015-01-25,137631.0,4883.0,2798.3
2015-01-26,131643.0,4856.0,2701.0
2015-01-27,127856.0,3719.0,2607.5
2015-01-28,268898.0,8990.0,5415.8
2015-01-29,138228.0,4924.0,2794.9
2015-01-30,135657.0,6173.0,2808.8
2015-01-31,277778.0,11168.0,5669.8
2015-02-01,277150.0,10684.0,5683.8
2015-02-02,135448.0,3990.0,2749.7
2015-02-03,139441.0,4414.0,2813.9
2015-02-04,139583.0,5077.0,2793.0
2015-02-05,138631.0,5592.0,2842.0
2015-02-06,278188.0,11956.0,5722.8
2015-02-07,139373.0,6860.0,2859.1
2015-02-08,137304.0,6901.0,2849.4
2015-02-09,134782.0,6352.0,2768.4
2015-02-10,137958.0,5971.0,2829.7
2015-02-11,138513.0,4245.0,2875.3
2015-02-12,136987.0,5820.0,2860.6
2015-02-13,138783.0,4565.0,2874.4
2015-02-14,139819.0,5759.0,2908.0
2015-02-15,138705.0,5677.0,2900.2
2015-02-16,136183.0,4989.0,2912.7999999999997
2015-02-17,138321.0,6553.0,2884.2
2015-02-18,139042.0,5414.0,2927.6
2015-02-19,139514.0,5424.0,2925.4
2015-02-20,284126.0,7950.0,5904.4
2015-02-21,140284.0,5340.0,2941.8
2015-02-22,139948.0,4228.0,2954.1
2015-02-23,136705.0,3728.0,2883.2
2015-02-24,139879.0,5106.0,2952.5
2015-02-25,142503.0,4263.0,2998.2
2015-02-26,140900.0,5283.0,2966.6
2015-02-27,140912.0,4085.0,2973.0
2015-02-28,140751.0,4281.0,2972.9
2015-03-01,280128.0,7262.0,5798.2
2015-03-02,119259.0,1777.0,2460.5
2015-03-03,123020.0,3502.0,2494.4
2015-03-04,126946.0,5074.0,2657.9
2015-03-05,128684.0,4549.0,2682.6
2015-03-06,132316.0,4040.0,2720.7
2015-03-07,120960.0,1915.0,2509.2
2015-03-08,126723.0,2307.0,2587.1
2015-03-09,125439.0,3855.0,2597.0
2015-03-10,131698.0,4600.0,2725.3
2015-03-11,134386.0,4172.0,2794.4
2015-03-12,268340.0,9388.0,5654.8
2015-03-13,135020.0,5318.0,2841.4
2015-03-14,134826.0,3654.0,2826.1
2015-03-15,132113.0,3680.0,2746.5
2015-03-16,122327.0,2565.0,2585.7
2015-03-17,130314.0,3935.0,2705.5
2015-03-18,132360.0,5817.0,2767.4
2015-03-19,134256.0,4579.0,2825.3
2015-03-20,136964.0,4748.0,2900.1
2015-03-21,203164.5096787,98845.901,49239.965906246
2015-03-22,135813.0,6189.0,2901.6
2015-03-23,132411.0,3963.0,2847.9
2015-03-24,139069.0,5676.0,2972.6
2015-03-25,141874.0,5982.0,3037.2999999999997
2015-03-26,142560.0,6072.0,3075.8
2015-03-27,144763.0,5647.0,3130.0
2015-03-28,142832.0,5070.0,3059.1
2015-03-29,141393.0,6402.0,3040.0
2015-03-30,133691.0,3023.0,2899.5
2015-03-31,135756.0,4424.0,2849.6
2015-04-01,135697.0,4969.0,2903.6
2015-04-02,135699.0,4042.0,2909.8
2015-04-03,136454.0,4793.0,2920.9
2015-04-04,135567.0,5192.0,2858.1
2015-04-05,133279.0,4376.0,2817.7
2015-04-06,127534.0,5402.0,2786.9
2015-04-07,132297.0,6457.0,2862.3
2015-04-08,131879.0,5603.0,2864.0
2015-04-09,135584.0,6564.0,2915.1
2015-04-10,136726.0,6258.0,2934.3
2015-04-11,137994.0,6196.0,2967.8
2015-04-12,135523.0,4479.0,2872.9
2015-04-13,121553.0,4665.0,2643.0
2015-04-14,127042.0,5231.0,2684.5
2015-04-15,126768.0,4598.0,2689.6
2015-04-16,129913.0,4643.0,2759.7999999999997
2015-04-17,131217.0,5241.0,2796.2999999999997
2015-04-18,134186.0,5138.0,2854.2
2015-04-19,262850.0,13954.0,5679.8
2015-04-20,131041.0,5542.0,2833.3
2015-04-21,139092.0,6588.0,2985.5
2015-04-22,138833.0,6669.0,3000.1
2015-04-23,141526.0,4181.0,3026.8
2015-04-24,139598.0,5243.0,3013.2000000000003
2015-04-25,139075.0,2812.0,2949.6
2015-04-26,134299.0,2695.0,2850.3
2015-04-27,129774.0,3382.0,2793.3
2015-04-28,138526.0,4271.0,2900.6
2015-04-29,136911.0,4754.0,2934.2
2015-04-30,140246.0,5603.0,2987.1
2015-05-01,140027.0,3654.0,2992.6
2015-05-02,138341.0,4249.0,2902.1
2015-05-04,134991.0,4105.0,2910.8
2015-05-05,140727.0,4996.0,3006.5
2015-05-06,141469.0,6714.0,3031.2999999999997
2015-05-07,142151.0,5096.0,3079.8
2015-05-08,143339.0,5769.0,3113.2
2015-05-09,143829.0,6609.0,3157.1
2015-05-10,143758.0,5727.0,3168.8
2015-05-11,139436.0,5713.0,3063.4
2015-05-12,143232.0,5556.0,3102.7
2015-05-13,144200.0,4291.0,3067.1
2015-05-14,139108.0,4295.0,2991.7
2015-05-15,139845.0,4235.0,2978.4
2015-05-16,137530.0,4932.0,3005.4
2015-05-17,137425.0,4462.0,2954.0
2015-05-18,133992.0,3889.0,2890.3
2015-05-19,141662.0,5545.0,3009.3
2015-05-20,142344.0,4648.0,3049.5
2015-05-22,144677.0,5644.0,3162.8
2015-05-23,146177.0,4764.0,3201.2
2015-05-24,145734.0,6141.0,3181.4
2015-05-25,141759.0,5304.0,3087.6
2015-05-26,148185.0,4265.0,3176.2
2015-05-27,148873.0,6175.0,3246.7000000000003
2015-05-28,150593.0,6065.0,3250.5
2015-05-29,148136.0,5928.0,3185.5
2015-05-30,148544.0,4904.0,3232.0
2015-05-31,145251.0,5649.0,3185.3
2015-06-01,141221.0,5320.0,3051.8
2015-06-02,139306.0,5095.0,2989.2
2015-06-03,139091.0,5427.0,3030.7
2015-06-04,138525.0,5344.0,3009.0
2015-06-05,139897.0,4889.0,3048.8
2015-06-06,139610.0,5142.0,3061.5
2015-06-07,142078.0,4944.0,3073.7
2015-06-08,141079.0,4614.0,3010.7000000000003
2015-06-09,143310.0,4699.0,3106.7
2015-06-10,145623.0,3871.0,3135.3
2015-06-11,148928.0,3954.0,3164.2
2015-06-12,145215.0,4991.0,3143.1
2015-06-13,143728.0,4610.0,3099.0
2015-06-14,140431.0,3389.0,2952.4
2015-06-15,130704.0,3310.0,2775.2
2015-06-16,138490.0,4985.0,2949.7
2015-06-17,140139.0,5733.0,3016.3
2015-06-18,142249.0,4853.0,3047.2
2015-06-19,143036.0,4009.0,3064.6
2015-06-20,143971.0,4437.0,3056.9
2015-06-21,282606.0,10558.0,5998.6
2015-06-22,133715.0,4169.0,2848.7
2015-06-23,138081.0,6137.0,2918.2000000000003
2015-06-24,139590.0,5069.0,2949.7
2015-06-25,135245.0,4922.0,2860.9
2015-06-26,135472.0,3899.0,2802.6
2015-06-27,275354.0,8326.0,5882.6
2015-06-28,139938.0,4043.0,3005.7
2015-06-29,139390.0,3139.0,2977.2
2015-06-30,143683.0,4204.0,3040.0
2015-07-01,143489.0,3840.0,3044.1
2015-07-02,144328.0,5456.0,3097.5
2015-07-03,146164.0,4681.0,3161.0
2015-07-05,299952.0,9040.0,6495.6
2015-07-06,145667.0,3752.0,3179.6
2015-07-07,149613.0,4009.0,3175.9
2015-07-08,148745.0,4651.0,3207.9
2015-07-09,149454.0,4913.0,3212.7999999999997
2015-07-10,145815.0,5804.0,3184.7999999999997
2015-07-11,143393.0,7593.0,3072.7000000000003
2015-07-12,139583.0,2713.0,3009.9
2015-07-15,149774.0,6516.0,3217.2
2015-07-16,301728.0,12066.0,6727.0
2015-07-17,149900.0,7063.0,3276.1
2015-07-18,149171.0,5593.0,3233.6
2015-07-19,144900.0,5056.0,3154.1
2015-07-20,138139.0,4716.0,2975.6
2015-07-21,143026.0,4648.0,3047.7
2015-07-22,143968.0,5018.0,3079.0
2015-07-23,141585.0,5770.0,3060.8
2015-07-24,143992.0,5357.0,3082.0
2015-07-25,143653.0,5245.0,3069.8
2015-07-26,139757.0,4848.0,3027.7
2015-07-27,132947.0,5077.0,2878.1
2015-07-28,139882.0,5923.0,2944.6
2015-07-29,138790.0,6007.0,2961.1
2015-07-30,140303.0,5474.0,3012.1
2015-07-31,141441.0,5323.0,3051.2
2015-08-01,277184.0,12380.0,6110.599999999999
2015-08-02,137546.0,4964.0,2976.6
2015-08-03,133862.0,4820.0,2890.3
2015-08-04,141254.0,6367.0,3003.0
2015-08-05,143214.0,7250.0,3027.2
2015-08-06,282974.0,12322.0,6040.6
2015-08-07,143654.0,5303.0,3083.2
2015-08-08,144753.0,5364.0,3120.9
2015-08-09,142698.0,6226.0,3127.2
2015-08-10,138572.0,6279.0,3025.1
2015-08-11,144673.0,6300.0,3135.9
2015-08-12,146895.0,5363.0,3136.9
2015-08-13,145162.0,7523.0,3105.1
2015-08-14,144940.0,6516.0,3125.2999999999997
2015-08-15,143546.0,6505.0,3132.6
2015-08-16,134796.0,5279.0,2937.6
2015-08-17,133577.0,5337.0,2866.6
2015-08-18,142150.0,6231.0,3018.0
2015-08-19,143953.0,6277.0,3078.2
2015-08-20,146097.0,6998.0,3094.2999999999997
2015-08-21,146270.0,6946.0,3130.7000000000003
2015-08-22,292734.0,12234.0,6291.8
2015-08-23,144314.0,5021.0,3097.8
2015-08-24,140561.0,4299.0,3028.1
2015-08-25,147850.0,6688.0,3157.9
2015-08-26,150102.0,6477.0,3248.9
2015-08-27,150236.0,4981.0,3289.2
2015-08-28,151904.0,5536.0,3289.7000000000003
2015-08-29,153082.0,7200.0,3319.3
2015-08-30,148332.0,5237.0,3227.6
2015-08-31,146050.0,6603.0,3185.1
2015-09-01,152832.0,5872.0,3304.5
2015-09-02,152918.0,7091.0,3328.1
2015-09-03,151656.0,7381.0,3309.6
2015-09-04,152534.0,9175.0,3321.8
2015-09-07,146350.0,5985.0,3207.8
2015-09-08,151503.0,8839.0,3269.1
2015-09-09,152510.0,8774.0,3279.7000000000003
2015-09-10,153413.0,8167.0,3301.8
2015-09-11,152153.0,8041.0,3316.7
2015-09-12,152590.0,7112.0,3341.8
2015-09-13,151722.0,6831.0,3309.0
2015-09-14,145920.0,6355.0,3172.1
2015-09-15,151525.0,5338.0,3271.7
2015-09-16,150943.0,5138.0,3298.4
2015-09-17,150746.0,5256.0,3287.9
2015-09-18,148192.0,6030.0,3130.7
2015-09-19,145430.0,5264.0,3131.0
2015-09-20,142620.0,5761.0,3076.1
2015-09-21,133859.0,5694.0,2907.4
2015-09-22,138861.0,6590.0,2937.4
2015-09-23,139736.0,4781.0,2965.4
2015-09-24,138155.0,8763.0,2959.2999999999997
2015-09-25,139920.0,6882.0,2980.6
2015-09-26,139435.0,6049.0,3009.9
2015-09-27,140618.0,6797.0,3020.2000000000003
2015-09-28,136455.0,4407.0,2961.7
2015-09-29,144045.0,8475.0,3094.4
2015-09-30,146749.0,8180.0,3140.9
2015-10-01,146130.0,7433.0,3154.0
2015-10-02,147317.0,6552.0,3172.3
2015-10-03,141918.0,5587.0,3085.2999999999997
2015-10-04,145081.0,6021.0,3109.9
2015-10-05,139938.0,5959.0,3047.6
2015-10-06,146777.0,5980.0,3140.9
2015-10-07,147057.0,6528.0,3176.4
2015-10-08,147987.0,6589.0,3226.5
2015-10-09,150244.0,6040.0,3248.2999999999997
2015-10-10,150882.0,6462.0,3269.9
2015-10-11,149813.0,5412.0,3240.4
2015-10-12,144929.0,4814.0,3128.4
2015-10-13,148432.0,8499.0,3194.5
2015-10-14,149952.0,7022.0,3242.1
2015-10-15,148784.0,6485.0,3228.5
2015-10-16,150589.0,4846.0,3220.4
2015-10-17,150860.0,4716.0,3244.0
2015-10-18,152000.0,4321.0,3248.1
2015-10-19,147252.0,-783.0,3151.1
2015-10-20,150606.0,6877.0,3260.9
2015-10-21,153188.0,3259.0,3300.7000000000003
2015-10-22,150028.0,4539.0,3228.0
2015-10-23,143020.0,2839.0,3066.2000000000003
2015-10-24,146912.0,3576.0,3130.7
2015-10-25,146433.0,2676.0,3126.4
2015-10-26,142553.0,3486.0,3043.2999999999997
2015-10-27,146324.0,4276.0,3075.0
2015-10-28,146595.0,3697.0,3126.7
2015-10-29,141190.0,2536.0,3012.6
2015-10-30,140990.0,2734.0,2897.7
2015-10-31,140705.0,4339.0,2954.6
2015-11-01,140496.0,2568.0,2947.8
2015-11-02,136853.0,2702.0,2874.4
2015-11-03,142195.0,3477.0,2958.6
2015-11-04,143312.0,3223.0,2995.6
2015-11-05,143397.0,3420.0,3003.7
2015-11-06,142305.0,3188.0,2965.2000000000003
2015-11-07,143005.0,4149.0,2997.5
2015-11-08,142023.0,3574.0,2972.2
2015-11-09,137503.0,2500.0,2880.0
2015-11-10,140655.0,1977.0,2895.5
2015-11-11,136853.0,2590.0,2801.0
2015-11-12,264346.0,3832.0,5336.8
2015-11-13,130110.0,2007.0,2627.3
2015-11-14,130664.0,2648.0,2699.8
2015-11-15,133134.0,1750.0,2757.2999999999997
2015-11-16,132096.0,1994.0,2705.6
2015-11-17,136129.0,2375.0,2774.8
2015-11-18,136508.0,1965.0,2783.6
2015-11-19,136340.0,1808.0,2804.0
2015-11-20,137163.0,3279.0,2805.9
2015-11-21,137069.0,3238.0,2815.2999999999997
2015-11-22,136693.0,4315.0,2803.5
2015-11-23,130996.0,2565.0,2720.7
2015-11-24,137233.0,2731.0,2786.3
2015-11-25,137979.0,2470.0,2833.4
2015-11-26,137803.0,2421.0,2845.2
2015-11-27,138755.0,2613.0,2842.9
2015-11-28,137495.0,2751.0,2858.6
2015-11-29,137819.0,3327.0,2841.0
2015-11-30,133075.0,2376.0,2747.1
2015-12-01,139225.0,3614.0,2823.3
2015-12-02,137973.0,3293.0,2860.3
2015-12-03,135886.0,2248.0,2795.2000000000003
2015-12-04,135524.0,3406.0,2808.8
2015-12-05,138116.0,2619.0,2827.3
2015-12-06,137930.0,3093.0,2831.4
2015-12-07,132032.0,2258.0,2732.5
2015-12-08,138881.0,4262.0,2808.8
2015-12-09,139138.0,3261.0,2832.2
2015-12-10,139641.0,4896.0,2824.4
2015-12-11,140186.0,3384.0,2871.0
2015-12-12,140057.0,3109.0,2878.9
2015-12-13,140674.0,3263.0,2870.6
2015-12-14,134923.0,3786.0,2808.5
2015-12-15,140083.0,3406.0,2880.2
2015-12-16,141193.0,3436.0,2909.6
2015-12-17,142244.0,3800.0,2923.7000000000003
2015-12-18,143747.0,3885.0,2931.0
2015-12-19,144168.0,2926.0,2970.0
2015-12-20,142865.0,2497.0,2951.4
2015-12-21,138463.0,2757.0,2871.9
2015-12-22,143682.0,3782.0,2933.8
2015-12-23,143616.0,3114.0,2960.7
2015-12-24,144767.0,3098.0,2965.5
2015-12-25,144611.0,3367.0,2954.7
2015-12-26,143071.0,2716.0,2915.0
2015-12-27,142336.0,3456.0,2907.7999999999997
2015-12-28,139185.0,2641.0,2815.4
2015-12-30,143778.0,3390.0,2926.3
2015-12-31,144579.0,2689.0,2935.6
2016-01-01,144852.0,2256.0,2955.5
2016-01-02,285188.0,5228.0,5825.6
2016-01-03,142687.0,2681.0,2928.2
2016-01-04,140113.0,2420.0,2881.3
2016-01-05,146045.0,2539.0,2971.7
2016-01-06,146649.0,2832.0,2996.1
2016-01-07,147546.0,2004.0,3012.8
2016-01-08,146200.0,2319.0,3004.8
2016-01-09,144821.0,2734.0,2990.1
2016-01-10,145561.0,2705.0,2955.3
2016-01-11,141548.0,2323.0,2892.8
2016-01-12,145975.0,2621.0,2960.5
2016-01-13,148168.0,2078.0,3014.7
2016-01-14,145499.0,3252.0,3007.7
2016-01-15,145449.0,2759.0,2906.8
2016-01-16,140738.0,2750.0,2847.0
2016-01-17,139650.0,3404.0,2836.8
2016-01-18,137949.0,2262.0,2812.1
2016-01-19,145000.0,2986.0,2905.3
2016-01-20,141463.0,1691.0,2881.3
2016-01-21,141620.0,3518.0,2879.9
2016-01-22,143019.0,2896.0,2893.1
2016-01-23,145485.0,2798.0,2917.6
2016-01-24,144524.0,3019.0,2932.1
2016-01-25,141397.0,2108.0,2877.9
2016-01-26,148189.0,4047.0,2948.2000000000003
2016-01-27,139890.0,2114.0,2823.3
2016-01-28,149275.0,3429.0,2970.8
2016-01-29,148580.0,2804.0,3029.4
2016-01-30,148850.0,3006.0,3022.3
2016-01-31,146950.0,2797.0,3007.2
2016-02-01,142540.0,4000.0,2915.5
2016-02-02,145754.0,3086.0,2982.1
2016-02-03,147317.0,1242.0,3014.2
2016-02-04,134361.0,3243.0,3039.5
2016-02-05,147421.0,3009.0,3023.7
2016-02-06,147634.0,1480.0,3022.9
2016-02-07,146632.0,1745.0,3009.4
2016-02-08,141042.0,1634.0,2910.7000000000003
2016-02-09,146517.0,2145.0,2978.3
2016-02-10,148697.0,3076.0,3048.4
2016-02-11,149230.0,2566.0,3057.3
2016-02-12,148544.0,2543.0,3037.2
2016-02-13,149003.0,3170.0,3051.1
2016-02-14,146684.0,2123.0,3020.5
2016-02-15,141190.0,2392.0,2927.7
2016-02-16,147341.0,2943.0,3017.8
2016-02-17,146166.0,1738.0,3059.2999999999997
2016-02-18,148212.0,2527.0,3074.2
2016-02-19,147187.0,2523.0,3060.0
2016-02-20,147947.0,2688.0,3088.3
2016-02-21,146229.0,3666.0,3047.2
2016-02-22,142255.0,2286.0,2971.9
2016-02-23,147607.0,1907.0,3051.9
2016-02-24,148314.0,2594.0,3099.7000000000003
2016-02-25,147178.0,2487.0,3119.5
2016-02-26,147840.0,3345.0,3114.8
2016-02-27,148448.0,2218.0,3122.9
2016-02-28,148882.0,2365.0,3098.3
2016-02-29,143818.0,2562.0,3006.2
2016-03-01,148199.0,2672.0,3093.6
2016-03-02,149865.0,2129.0,3123.7999999999997
2016-03-03,149728.0,1694.0,3138.2999999999997
2016-03-04,149138.0,2602.0,3146.3
2016-03-05,147162.0,1908.0,3128.6
2016-03-06,145153.0,1421.0,3040.0
2016-03-07,276866.0,4706.0,5790.8
2016-03-09,145259.0,3030.0,3060.1
2016-03-10,148803.0,2101.0,3142.4
2016-03-11,148051.0,2353.0,3158.8
2016-03-12,147405.0,2689.0,3148.9
2016-03-13,142455.0,2099.0,3011.3
2016-03-14,136161.0,2988.0,2891.9
2016-03-15,141057.0,3039.0,2996.4
2016-03-16,143224.0,3327.0,3058.2
2016-03-17,143945.0,3126.0,3072.0
2016-03-18,145193.0,3292.0,3111.4
2016-03-19,145830.0,2324.0,3125.8
2016-03-20,145175.0,2822.0,3124.9
2016-03-21,141918.0,1564.0,3043.7
2016-03-22,149109.0,1962.0,3128.4
2016-03-23,148612.0,2805.0,3146.4
2016-03-25,138612.0,957.0,2937.7
2016-03-27,144731.0,2025.0,3123.9
2016-03-28,139037.0,1429.0,3039.3
2016-03-29,147685.0,1508.0,3093.2999999999997
2016-03-30,148165.0,1964.0,3169.7000000000003
2016-03-31,148371.0,3054.0,3168.0
2016-04-01,149022.0,3472.0,3196.6
2016-04-02,149357.0,1509.0,3187.0
2016-04-03,148780.0,1749.0,3208.7
2016-04-04,144545.0,1954.0,3147.9
2016-04-05,150801.0,2477.0,3236.9
2016-04-06,150947.0,1061.0,3245.5
2016-04-07,151300.0,1296.0,3240.5
2016-04-08,151563.0,1346.0,3246.1
2016-04-09,148530.0,1508.0,3217.6
2016-04-10,149064.0,1044.0,3208.2999999999997
2016-04-11,144335.0,828.0,3139.1
2016-04-12,151808.0,1722.0,3235.2
2016-04-13,153417.0,843.0,3267.7999999999997
2016-04-14,153371.0,976.0,3295.1
2016-04-15,151656.0,1198.0,3300.7
2016-04-16,153195.0,3122.0,3312.8
2016-04-17,154636.0,3709.0,3349.4
2016-04-18,149414.0,1030.0,3244.7
2016-04-19,159620.0,1766.0,3368.2999999999997
2016-04-20,156291.0,1399.0,3400.5
2016-04-21,136697.0,2959.0,3400.5
2016-04-22,155155.0,1547.0,3356.0
2016-04-23,154244.0,2232.0,3320.2
2016-04-24,153304.0,1029.0,3328.7000000000003
2016-04-25,148324.0,1501.0,3220.5
2016-04-26,154501.0,2020.0,3321.6
2016-04-27,153314.0,2570.0,3358.5
2016-04-28,154842.0,3610.0,3366.0
2016-04-29,156067.0,2720.0,3394.9
2016-04-30,155958.0,2413.0,3395.6
2016-05-01,155735.0,1079.0,3376.1
2016-05-02,148758.0,1573.0,3202.1
2016-05-03,157553.0,1775.0,3373.2
2016-05-04,158560.0,1148.0,3406.3
2016-05-05,153161.0,2783.0,3280.8
2016-05-06,152089.0,3222.0,3221.0
2016-05-07,150493.0,2702.0,3190.3
2016-05-08,302320.0,8758.0,6484.6
2016-05-09,147062.0,1943.0,3158.5
2016-05-10,154550.0,1820.0,3296.1
2016-05-11,304182.0,2892.0,6549.8
2016-05-12,153097.0,937.0,3238.5
2016-05-13,154767.0,1679.0,3331.7000000000003
2016-05-14,154156.0,1314.0,3347.0
2016-05-15,154590.0,1794.0,3326.0
2016-05-16,150907.0,2615.0,3236.7
2016-05-17,152249.0,3485.0,3278.3
2016-05-18,153535.0,2602.0,3307.2
2016-05-19,154177.0,1687.0,3281.7
2016-05-20,153127.0,1070.0,3286.9
2016-05-21,152324.0,938.0,3235.4
2016-05-22,151303.0,2072.0,3233.8
2016-05-23,147867.0,1120.0,3199.3
2016-05-24,152602.0,536.0,3156.5
2016-05-25,298310.0,5672.0,6252.8
2016-05-26,148766.0,1320.0,3163.0
2016-05-27,152826.0,2076.0,3231.9
2016-05-28,152982.0,1888.0,3274.4
2016-05-29,150501.0,940.0,3222.0
2016-05-30,140512.0,1507.0,2969.4
2016-05-31,147509.0,1926.0,3092.4
2016-06-01,149425.0,1877.0,3209.0
2016-06-02,152854.0,2610.0,3248.0
2016-06-03,154302.0,2882.0,3268.6
2016-06-04,155830.0,1063.0,3331.7
2016-06-05,154246.0,1499.0,3294.0
2016-06-06,146627.0,761.0,3176.3
2016-06-07,154029.0,704.0,3266.4
2016-06-08,306592.0,1498.0,6555.0
2016-06-09,302824.0,1914.0,6542.8
2016-06-10,304884.0,1434.0,6551.2
2016-06-11,304626.0,1274.0,6531.6
2016-06-12,301718.0,1632.0,6397.0
2016-06-13,291662.0,4818.0,6300.8
2016-06-14,304024.0,3002.0,6510.2
2016-06-15,308352.0,1600.0,6600.4
2016-06-16,314724.0,1046.0,6666.8
2016-06-17,157407.0,748.0,3370.9
2016-06-18,158116.0,1162.0,3391.3
2016-06-19,156632.0,930.0,3348.8
2016-06-20,150142.0,693.0,3236.2
2016-06-21,155256.0,900.0,3308.0
2016-06-22,154670.0,807.0,3290.7
2016-06-23,154583.0,768.0,3207.7
2016-06-24,151513.0,776.0,3226.6
2016-06-25,153375.0,1334.0,3266.1
2016-06-26,151359.0,1667.0,3228.8
2016-06-27,144866.0,3077.0,3159.0
2016-06-28,150495.0,3243.0,3244.0
2016-06-29,149313.0,2843.0,3213.5
2016-06-30,146172.0,1969.0,3204.8
2016-07-01,152216.0,1900.0,3260.6
2016-07-02,150188.0,1572.0,3206.6
2016-07-03,143580.0,1233.0,2980.6
2016-07-04,135290.0,586.0,2839.1
2016-07-05,141833.0,917.0,2986.4
2016-07-06,147239.0,1052.0,3089.9
2016-07-07,145596.0,625.0,3065.3
2016-07-08,149472.0,1347.0,3189.3
2016-07-09,148426.0,998.0,3189.2000000000003
2016-07-10,144477.0,904.0,3095.9
2016-07-11,140688.0,452.0,2996.6
2016-07-12,148119.0,556.0,3167.7
2016-07-13,147354.0,1395.0,3130.8
2016-07-14,150107.0,957.0,3195.3
2016-07-15,150589.0,709.0,3246.1
2016-07-16,150023.0,499.0,3202.5
2016-07-17,144085.0,606.0,3049.6
2016-07-18,135112.0,546.0,2871.0
2016-07-19,143917.0,448.0,3046.7999999999997
2016-07-20,148278.0,1118.0,3102.4
2016-07-21,150359.0,990.0,3207.1
2016-07-22,151972.0,3333.0,3256.5
2016-07-23,145987.0,620.0,3267.4
2016-07-24,150767.0,1496.0,3203.8
2016-07-25,145212.0,1581.0,3112.9
2016-07-26,150474.0,784.0,3238.5
2016-07-27,150740.0,1835.0,3225.5
2016-07-28,146465.0,980.0,3109.4
2016-07-29,148105.0,676.0,3141.1
2016-07-30,146374.0,863.0,3085.3
2016-07-31,143173.0,608.0,3040.8
2016-08-01,138575.0,525.0,2948.9
2016-08-02,142664.0,-337.0,3010.1
2016-08-03,143380.0,545.0,2996.1
2016-08-04,145456.0,595.0,3056.1
2016-08-05,148662.0,1019.0,3149.7
2016-08-06,148722.0,2172.0,3175.3
2016-08-07,146341.0,838.0,3096.5
2016-08-08,139129.0,1681.0,2974.0
2016-08-09,146495.0,484.0,3096.5
2016-08-10,148319.0,550.0,3161.5
2016-08-11,147419.0,625.0,3160.2
2016-08-12,147234.0,723.0,3136.5
2016-08-13,147630.0,527.0,3125.2
2016-08-14,147647.0,1249.0,3159.8
2016-08-15,143455.0,963.0,3069.1
2016-08-16,142856.0,470.0,2994.4
2016-08-17,151145.0,644.0,3188.6
2016-08-18,148956.0,1173.0,3219.9
2016-08-19,148330.0,1232.0,3152.8
2016-08-20,152738.0,961.0,3241.2999999999997
2016-08-21,151443.0,1342.0,3272.4
2016-08-22,150770.0,1138.0,3226.1
2016-08-23,154917.0,1932.0,3277.2000000000003
2016-08-24,156360.0,1062.0,3336.2
2016-08-25,155298.0,683.0,3280.5
2016-08-26,149750.0,1642.0,3219.7
2016-08-27,150503.0,1638.0,3222.9
2016-08-28,150542.0,857.0,3203.0
2016-08-29,144977.0,1097.0,3115.1
2016-08-30,149717.0,1689.0,3191.2999999999997
2016-08-31,149887.0,750.0,3188.4
2016-09-01,146948.0,636.0,3107.1
2016-09-02,146403.0,819.0,3076.4
2016-09-03,146350.0,724.0,3132.2
2016-09-04,148759.0,569.0,3168.3
2016-09-05,147631.0,529.0,3127.2
2016-09-06,151257.0,519.0,3180.8
2016-09-07,157087.0,1190.0,3330.1
2016-09-08,160166.0,790.0,3425.2
2016-09-09,164132.0,616.0,3512.3
2016-09-10,163547.0,872.0,3539.0
2016-09-11,164683.0,1115.0,3539.6
2016-09-12,156208.0,1069.0,3394.9
2016-09-13,162755.0,1051.0,3489.5
2016-09-14,160089.0,1344.0,3468.1
2016-09-15,158036.0,1648.0,3390.1
2016-09-16,154033.0,1163.0,3327.4
2016-09-17,155385.0,1188.0,3319.1
2016-09-18,151914.0,469.0,3241.5
2016-09-19,149644.0,806.0,3185.5
2016-09-20,157045.0,1749.0,3303.3
2016-09-21,158432.0,1479.0,3364.7000000000003
2016-09-22,156658.0,1954.0,3299.7
2016-09-23,155322.0,1990.0,3246.2
2016-09-24,153641.0,861.0,3255.2999999999997
2016-09-25,151670.0,548.0,3204.2
2016-09-26,146437.0,738.0,3075.4
2016-09-27,153573.0,899.0,3210.6
2016-09-28,154643.0,1351.0,3231.6
2016-09-29,153838.0,2988.0,3230.7
2016-09-30,154131.0,2248.0,3232.4
2016-10-01,153138.0,2693.0,3243.7
2016-10-02,153353.0,534.0,3235.7
2016-10-03,145515.0,565.0,3095.0
2016-10-04,155771.0,837.0,3230.9
2016-10-05,155226.0,1059.0,3265.3
2016-10-06,151459.0,1866.0,3189.2000000000003
2016-10-07,153535.0,478.0,3174.5
2016-10-08,154118.0,560.0,3216.9
2016-10-09,150862.0,504.0,3164.2
2016-10-10,143787.0,711.0,3028.7999999999997
2016-10-11,144138.0,517.0,3041.1
2016-10-12,137402.0,545.0,2919.7
2016-10-13,146269.0,621.0,3013.6
2016-10-14,293508.0,1058.0,6145.8
2016-10-15,148341.0,2053.0,3097.4
2016-10-16,149456.0,576.0,3131.6
2016-10-17,144114.0,517.0,3058.2000000000003
2016-10-18,151568.0,470.0,3179.4
2016-10-19,153682.0,586.0,3234.3
2016-10-20,309550.0,2804.0,6508.6
2016-10-21,152843.0,1047.0,3214.5
2016-10-22,155540.0,2123.0,3236.9
2016-10-23,152446.0,864.0,3209.7
2016-10-24,148998.0,692.0,3132.0
2016-10-25,153785.0,773.0,3223.2
2016-10-26,153077.0,1653.0,3231.4
2016-10-27,310532.0,2474.0,6477.8
2016-10-28,153247.0,1357.0,3220.7
2016-10-29,154707.0,972.0,3215.4
2016-10-30,150205.0,444.0,3122.8
2016-10-31,140676.0,735.0,2908.5
2016-11-01,140995.0,500.0,2855.1
2016-11-02,142078.0,550.0,2902.5
2016-11-03,145723.0,511.0,2995.3
2016-11-04,146605.0,2019.0,3042.5
2016-11-05,296640.0,3496.0,6177.2
2016-11-06,149865.0,867.0,3093.0
2016-11-07,145386.0,469.0,3010.0
2016-11-08,149328.0,1761.0,3047.3
2016-11-09,151565.0,1023.0,3104.8
2016-11-10,151164.0,835.0,3090.1
2016-11-11,150786.0,1072.0,3089.7
2016-11-12,151297.0,905.0,3104.7
2016-11-13,147576.0,1144.0,3053.9
2016-11-14,571600.0,2020.0,11785.2
2016-11-15,148371.0,551.0,3014.9
2016-11-16,296422.0,2220.0,6090.0
2016-11-17,147561.0,523.0,3012.7
2016-11-18,147563.0,931.0,3010.0
2016-11-19,146888.0,1494.0,3004.1
2016-11-20,147370.0,970.0,2984.0
2016-11-21,141508.0,586.0,2873.3
2016-11-22,147744.0,1568.0,2968.4
2016-11-23,148058.0,926.0,3020.6
2016-11-24,148685.0,2176.0,3027.5
2016-11-25,149805.0,941.0,3033.6
2016-11-26,150415.0,689.0,3022.8
2016-11-27,147588.0,496.0,3004.6
2016-11-28,287812.0,1210.0,5866.4
2016-11-29,149941.0,654.0,3021.7
2016-11-30,303496.0,1176.0,6094.2
2016-12-01,295290.0,3146.0,5947.2
2016-12-02,146062.0,869.0,2956.3
2016-12-03,147034.0,848.0,2944.5
2016-12-04,145726.0,886.0,2939.0
2016-12-05,140294.0,1665.0,2847.4
2016-12-06,146968.0,1567.0,2958.0
2016-12-07,147712.0,796.0,2963.7
2016-12-08,149985.0,860.0,2988.8
2016-12-09,150257.0,716.0,3008.2
2016-12-10,150820.0,632.0,3047.0
2016-12-11,150240.0,788.0,3006.2
2016-12-12,144812.0,1386.0,2915.1
2016-12-13,150884.0,1428.0,2906.6
2016-12-14,144450.0,1578.0,2868.5
2016-12-15,144996.0,1401.0,2912.9
2016-12-16,147601.0,817.0,2969.0
2016-12-17,148624.0,1131.0,2994.1
2016-12-18,148018.0,826.0,2990.2000000000003
2016-12-19,143486.0,439.0,2903.5
2016-12-20,143486.0,439.0,2903.5
2016-12-21,149797.0,463.0,3029.0
2016-12-22,150189.0,610.0,3076.8
2016-12-23,150337.0,837.0,3071.0
2016-12-24,152843.0,1035.0,3083.9
2016-12-26,146519.0,1304.0,2946.9
2016-12-27,152176.0,513.0,3031.7
2016-12-28,152654.0,1132.0,3054.6
2016-12-29,153195.0,815.0,3076.5
2016-12-30,151276.0,1248.0,3056.1
2016-12-31,152695.0,1385.0,3048.6
2017-01-01,151790.0,1058.0,3037.1
2017-01-02,146019.0,831.0,2939.4
2017-01-03,152601.0,566.0,3033.0
2017-01-04,152967.0,1646.0,3077.2000000000003
2017-01-05,154113.0,1066.0,3092.0
2017-01-06,156333.0,534.0,3128.8
2017-01-07,309754.0,926.0,6225.0
2017-01-08,151770.0,845.0,3018.3
2017-01-09,147352.0,788.0,2981.7000000000003
2017-01-10,304102.0,1514.0,6108.2
2017-01-11,153015.0,-15001.0,3077.9
2017-01-12,155306.0,725.0,3102.1
2017-01-13,308488.0,1900.0,6248.6
2017-01-14,157234.0,572.0,3125.7
2017-01-15,148097.0,671.0,2969.4
2017-01-16,143375.0,1137.0,2879.9
2017-01-17,152274.0,780.0,3025.7
2017-01-18,154119.0,799.0,3090.5
2017-01-19,155266.0,932.0,3104.2
2017-01-20,155463.0,653.0,3108.0
2017-01-21,156654.0,638.0,3129.7999999999997
2017-01-22,156302.0,596.0,3127.3
2017-01-23,151589.0,693.0,3025.1
2017-01-24,156450.0,697.0,3126.3
2017-01-25,157017.0,733.0,3165.7999999999997
2017-01-26,155823.0,619.0,3166.8
2017-01-27,143169.0,398.0,2838.2999999999997
2017-01-28,146608.0,1549.0,2856.1
2017-01-29,150470.0,578.0,2978.3
2017-01-30,146051.0,536.0,2942.8
2017-01-31,304370.0,1554.0,6090.2
2017-02-01,306500.0,2478.0,6199.0
2017-02-02,303292.0,1686.0,6213.8
2017-02-03,152373.0,753.0,3111.0
2017-02-04,155295.0,655.0,3127.1
2017-02-05,153202.0,700.0,3091.5
2017-02-06,148029.0,537.0,2989.0
2017-02-07,153207.0,575.0,3081.8
2017-02-08,153535.0,675.0,3137.1
2017-02-09,156631.0,1062.0,3179.2
2017-02-10,624030.0,2666.0,12721.8
2017-02-11,157038.0,1225.0,3195.5
2017-02-12,155531.0,938.0,3148.4
2017-02-13,149693.0,609.0,3038.2000000000003
2017-02-14,155202.0,689.0,3133.4
2017-02-15,157606.0,549.0,3190.9
2017-02-16,156309.0,1046.0,3049.8
2017-02-17,157298.0,726.0,3217.0
2017-02-18,156166.0,648.0,3203.5
2017-02-19,156024.0,629.0,3124.7
2017-02-20,153146.0,547.0,3131.5
2017-02-21,157959.0,662.0,3216.7
2017-02-22,158264.0,698.0,3260.7
2017-02-23,159824.0,858.0,3298.2
2017-02-24,159087.0,711.0,3284.7
2017-02-25,158908.0,701.0,3195.4
2017-02-26,157275.0,568.0,3232.2
2017-02-27,153585.0,569.0,3161.7
2017-02-28,158738.0,658.0,3261.1
2017-03-01,158718.0,787.0,3302.6
2017-03-02,157835.0,576.0,3307.5
2017-03-03,158554.0,540.0,3302.9
2017-03-04,160856.0,571.0,3327.6
2017-03-05,158136.0,729.0,3300.7999999999997
2017-03-06,305816.0,1450.0,6371.4
2017-03-07,159558.0,597.0,3280.8
2017-03-08,317552.0,1032.0,6585.4
2017-03-09,156189.0,656.0,3242.9
2017-03-10,155018.0,553.0,3218.0
2017-03-11,148461.0,473.0,3066.7
2017-03-12,149694.0,474.0,3030.8
2017-03-13,147174.0,685.0,2974.9
2017-03-14,137935.0,507.0,2805.7999999999997
2017-03-15,148902.0,548.0,2982.5
2017-03-16,151386.0,509.0,3097.6
2017-03-17,152391.0,578.0,3132.5
2017-03-18,153253.0,543.0,3190.7
2017-03-19,153698.0,831.0,3194.4
2017-03-20,146599.0,599.0,3075.3
2017-03-21,154227.0,631.0,3205.9
2017-03-22,313562.0,896.0,6524.8
2017-03-23,317252.0,1300.0,6603.2
2017-03-24,159743.0,702.0,3359.4
2017-03-25,161232.0,668.0,3415.2000000000003
2017-03-26,159953.0,672.0,3392.6
2017-03-27,156015.0,543.0,3294.1
2017-03-28,161683.0,1442.0,3388.1
2017-03-29,163446.0,1056.0,3482.6
2017-03-30,163718.0,1462.0,3488.2
2017-03-31,328232.0,1856.0,6987.8
2017-04-01,166661.0,792.0,3522.5
2017-04-02,161904.0,518.0,3449.4
2017-04-03,154153.0,541.0,3303.9
2017-04-04,170259.0,692.0,3421.6
2017-04-05,160269.0,1184.0,3418.9
2017-04-06,157620.0,888.0,3362.2
2017-04-07,161804.0,692.0,3375.2000000000003
2017-04-08,161263.0,569.0,3450.7000000000003
2017-04-09,160712.0,493.0,3368.5
2017-04-10,154496.0,940.0,3255.5
2017-04-11,160508.0,1276.0,3320.1
2017-04-12,162435.0,536.0,3507.4
2017-04-13,163978.0,891.0,3455.6
2017-04-14,169292.0,1332.0,3510.1
2017-04-15,162214.0,586.0,3489.6
2017-04-16,164265.0,651.0,3480.0
2017-04-17,159839.0,539.0,3363.6
2017-04-18,167676.0,806.0,3505.5
2017-04-19,169106.0,534.0,3573.4
2017-04-20,169164.0,1875.0,3578.7
2017-04-21,170180.0,750.0,3566.2999999999997
2017-04-22,169397.0,-1089.0,3568.8
2017-04-23,165902.0,701.0,3469.6
2017-04-24,157521.0,508.0,3341.8
2017-04-25,165797.0,586.0,3409.5
2017-04-26,165358.0,611.0,3517.4
2017-04-27,165559.0,962.0,3479.0
2017-04-28,165751.0,745.0,3488.8
2017-04-29,165391.0,1895.0,3512.1
2017-04-30,162746.0,2417.0,3462.0
2017-05-01,155857.0,798.0,3284.0
2017-05-02,159478.0,1000.0,3225.7000000000003
2017-05-03,162312.0,1209.0,3420.6
2017-05-04,161932.0,5082.0,3463.1
2017-05-05,164313.0,4136.0,3499.7
2017-05-06,167771.0,1864.0,3581.4
2017-05-07,165001.0,1883.0,3535.9
2017-05-08,157885.0,698.0,3363.6000000000004
2020-02-21,146229.0,3666.0,3047.2
2020-05-21,143202.0,5305.0,3044.2999999999997
2020-08-15,278018.0,12998.0,5982.400000000001
2020-08-18,266082.0,13644.0,5705.4
2020-12-25,152623.0,862.0,3056.6
